Price,Beds,Bath,Sq.Ft
979999,4,3.5,1813
439900,2,2,1029
950000,4,2.5,2545
280000,2,2,898
649000,2,2,1482
434900,6,2,1059
419900,3,2.5,1218
499900,4,2,1133
269900,2,1,756
627900,2,2.5,1303
910000,4,3.5,2500
939750,4,3.5,1747
399900,3,2.5,1125
425000,3,2.5,1353
999000,4,3.5,1835
649000,5,3.5,1748
600000,2,2,783
339900,2,2,1086
310000,2,2,836
629900,4,3.5,1519
739888,4,2.5,1796
499900,3,3,1066
269000,1,1,707
519900,5,2.5,1193
212000,1,1,563
799999,4,3.5,2321
299900,3,1.5,1001
495000,3,1.5,1122
309900,2,2,835
1097000,3,2.5,2524
999900,5,4.5,1557
849000,5,2,1086
595000,4,3.5,1382
639900,6,5,1762
270000,2,1,758
828345,2,2,1094
575000,4,2.5,1306
825000,4,2,1282
169900,2,1,751
624800,4,2,998
579000,4,2.5,1238
525000,3,1,982
1325000,4,3.5,2636
849000,4,2,1096
429900,3,2,905
199900,3,1.5,996
384900,3,1.5,1027
4899000,6,6.5,5048
229900,2,1,817
364900,2,2.5,1016
449900,4,3,1020
1149900,5,3.5,1871
3100000,6,4.5,4231
374900,2,2.5,1278
539000,2,2,1379
724900,2,2.5,1446
898898,3,2,1007
299900,2,2,803
469000,1,1,700
883900,3,2.5,1384
539000,5,3,1791
539800,2,2,1148
939900,6,4,2638
649900,4,3,1759
269000,3,1,1011
369800,3,1.5,1052
319900,2,1,764
363900,2,2,985
1239900,3,3.5,2604
699900,3,2.5,1948
239900,2,1,446
729900,3,2.5,2105
279900,1,1,445
649900,3,2.5,2426
578000,2,2,823
424900,3,2.5,1161
570000,3,2.5,1687
969900,4,3,1601
319000,2,2,850
699000,4,3.5,1785
578875,4,2,810
335000,2,2,948
839900,4,3.5,2215
1389000,4,3.5,1952
809000,4,3.5,1786
575000,2,1,920
615000,3,2.5,1846
320000,2,2,832
699900,4,1.5,1273
499999,2,2,753
423000,2,2.5,1184
859900,2,2,1367
300000,3,1,1017
569900,3,2,1034
330000,1,1,549
1015000,4,3.5,1767
599000,2,3.5,1294
649900,6,3.5,1992
1289000,5,3.5,2357
1284000,5,3,2343
875000,4,4,2651
589000,3,2.5,1480
749900,4,3.5,2332
849990,4,2.5,2556
1049000,4,2.5,2734
215000,1,1,570
419900,3,2.5,1229
709900,3,2.5,1913
1322800,4,3.5,2901
449900,2,2,1249
725000,4,3.5,1946
399900,2,2.5,1229
729900,2,2,1227
999000,4,3.5,2255
525000,2,2,1211
375000,2,2,750
239900,1,1,426
710000,4,3.5,1803
525000,4,3.5,1890
819900,4,3,1288
719000,3,2.5,2134
659000,3,2.5,2010
580900,1,1.5,964
799000,2,2,1319
2498000,4,5,4226
429900,2,2,1134
369900,2,2,1010
894900,4,3.5,1837
499000,4,2.5,1425
1249900,4,3.5,2080
799000,4,3,1358
699000,4,2,1059
599900,4,2.5,1815
782000,3,2.5,2129
885000,4,2,1289
215000,1,1,700
2050000,2,2,2347
579900,5,2,926
798000,3,4,1188
840000,5,3.5,2352
675000,4,1.5,1257
599000,5,3,1003
319900,1,1,534
839900,1,1.5,2132
949999,3,2.5,1465
179900,2,1,815
170000,2,1,709
699000,5,4,1774
670000,2,2.5,1552
220000,2,1,747
324900,2,2,882
550000,3,1.5,1068
520000,1,1,749
359000,2,2,1208
899900,2,2.5,1565
299900,2,1,602
599900,4,2.5,1416
890000,5,3.5,2117
1049900,4,3.5,2463
1885000,5,4.5,2589
820000,5,3.5,2235
584900,5,3,2047
699000,4,3,1485
1215000,4,3.5,2657
1480000,5,3.5,2911
1349000,5,4.5,2758
334900,3,1.5,1008
684900,3,2.5,1751
294888,2,1,588
629900,4,2,1086
398000,3,1.5,1165
309000,2,2,830
435000,2,2,1161
277000,2,1,621
630000,4,2.5,1303
499000,3,2.5,1292
659900,3,3.5,1663
199999,1,1,569
525000,4,2,1064
589000,3,3.5,1417
569000,4,2.5,1056
549900,2,2,630
949900,6,3.5,2376
750000,4,2,864
418000,2,2.5,1576
664950,4,3.5,1930
649900,4,3.5,1536
599900,2,2.5,1001
925000,4,3.5,1837
699000,2,1,1017
549000,4,3.5,1398
464990,3,2,950
629900,3,2.5,2119
500000,3,2.5,1506
689900,4,2.5,1668
682500,2,2,1073
999900,4,3.5,1933
514900,4,3,1167
1295000,5,3,1666
425000,2,2,945
649900,4,2.5,1947
539900,2,2.5,1686
255000,1,1,424
349000,3,1.5,1022
1799000,3,2.5,3488
499900,4,2,2210
329000,2,2,848
199000,1,1,615
695000,3,2.5,2128
249000,2,1,807
799000,3,3.5,1612
1199000,4,3.5,2006
649900,2,3.5,1309
649900,4,2.5,2158
550000,4,2,1141
269900,2,2,819
425000,2,2.5,1044
445000,4,2.5,1483
849900,4,3.5,2478
699800,2,2,1136
819000,3,3.5,1974
245900,1,1,606
425000,3,2.5,1136
849900,4,3,1360
289900,2,1,755
524500,2,2.5,1655
475000,3,2.5,1121
479900,2,1,873
799900,3,2.5,2543
220000,2,2,888
699000,4,2.5,1799
688000,3,2.5,1809
249900,2,1,830
450000,3,2,833
744000,3,2,981
289900,2,2,893
395000,2,2,938
675000,4,3,1185
219000,1,1,503
500000,4,2,914
419000,4,2,868
525000,3,2.5,1419
549900,4,3.5,1371
729900,3,3.5,2105
499900,3,2.5,1551
374900,2,1.5,1076
550000,3,2.5,1313
400000,3,2.5,1235
399900,2,2,845
350000,3,2,1013
299900,3,1.5,980
725000,4,2.5,1811
307000,2,2,940
640000,5,3,1214
835000,4,2,845
1399900,3,3.5,1880
749900,7,3.5,1546
209900,2,1,729
249900,2,1,773
589900,4,3,1110
439000,2,1.5,1493
799900,2,2.5,1444
318800,3,1.5,1048
299990,3,1.5,1062
769000,5,3.5,2424
299800,2,2,951
299900,2,1,574
899900,4,2.5,1769
585000,3,2.5,1376
1595000,4,3.5,2875
384900,2,2,1133
610000,3,2.5,1595
499999,4,2,792
210000,1,1,694
859900,4,2.5,2325
809900,4,3.5,2254
729900,3,2.5,1780
399900,3,2.5,1333
999900,4,3,1314
319900,2,2,879
479000,3,2.5,1169
325000,3,2.5,1150
829000,5,3.5,2120
1049900,3,2,1010
636100,3,2,1249
1150000,2,2,1724
1250000,6,4,3078
639900,3,2,1382
599800,3,2,710
949900,4,2,1075
200000,1,1,547
558000,6,2.5,1048
949900,2,1,946
429900,2,2.5,1328
415000,3,2.5,1314
325000,2,2,943
645000,4,1.5,1258
275000,2,1,843
548000,3,2,1152
824900,5,3.5,2098
1299600,6,4,2093
475000,2,2.5,1389
298800,2,2,831
318000,1,1,562
575000,2,3,1081
1190000,4,3.5,2646
560000,3,2.5,1501
899900,4,2,1296
549999,4,2,887
385000,3,1.5,903
745000,5,3.5,2730
775000,4,3.5,2127
300000,2,2,1043
325000,2,2,933
1150777,4,4.5,2870
359900,2,2,786
359900,2,2.5,1127
2000000,3,2.5,1934
2075000,5,2.5,3305
439900,2,2,1060
1999900,4,4.5,2908
459900,2,2,733
299900,4,2.5,1512
349000,3,1.5,1005
675000,4,3,1145
364832,2,2,890
339900,1,1,775
1675000,5,4.5,3651
210000,2,1,853
510000,3,2.5,1158
1698000,2,2,2046
750000,5,2,1145
995000,6,2,1336
329900,2,2,971
949900,4,3.5,2246
769000,3,2.5,1711
285000,2,1,845
299900,2,2,800
539000,3,2.5,1197
599900,4,2,1003
629900,3,3.5,1873
350000,2,2,877
365000,2,2,1163
688000,4,3.5,1138
1899900,4,4.5,2330
357500,2,2,910
624900,3,2.5,1556
719000,4,3.5,1628
849988,5,4,2482
579000,2,2,1162
399999,2,1.5,1165
449000,3,2,859
165000,1,1,763
849900,4,3,1446
750000,4,3.5,1831
214900,1,1,509
255000,1,1,704
389000,4,2.5,1394
754000,4,2.5,1366
224900,2,1,802
389000,2,2,1407
224800,1,1,687
370000,2,2,941
329900,2,2,923
798000,4,2.5,1306
419900,3,1,839
334900,2,2,690
495000,2,2,1468
465000,3,3,1006
265000,2,1,842
809000,3,2.5,2220
449900,2,2,1028
285000,2,2,625
949900,2,2.5,2053
335000,2,1,780
614999,5,2.5,974
435000,2,2,1172
429900,2,1.5,920
500000,3,1.5,966
650000,3,2.5,1775
409000,2,2,1011
874900,4,3.5,1780
279900,2,1,766
289900,2,2,773
489000,3,2.5,1157
550000,3,2.5,1433
274900,2,1,691
185000,2,1,968
263000,2,1,430
224900,1,1,528
294900,1,1,620
475900,3,2,879
1050000,4,3,1656
469900,3,2.5,1315
689900,4,3.5,2160
1185000,4,4,2466
735000,5,5.5,2301
609900,3,2.5,1452
697000,4,4,2163
479900,3,1.5,1377
1029000,4,3.5,1777
200000,1,1,631
360000,3,2,1076
499900,3,2.5,1572
232000,2,2,818
1290000,8,4,2505
445000,2,2,1094
735000,4,3,1054
1595000,4,5.5,3010
359800,3,2,910
200000,1,1,618
469900,2,2.5,1321
900000,2,2,1053
759900,3,2.5,2051
650000,2,2,951
218888,1,1,635
235532,2,1,856
889000,4,2.5,2442
899900,5,3.5,2570
829900,4,3,2195
315000,1,1,780
290000,2,1,819
699900,4,3.5,1806
650000,5,2.5,1363
1680000,3,3.5,2463
253000,2,1.5,896
679900,5,2,961
534900,3,1.5,1244
420000,2,2.5,1330
345000,1,1,852
449900,3,2,928
639000,3,2.5,1827
354900,2,2,829
789900,6,3.5,2355
899800,4,4,2808
245000,2,2,831
355000,2,1,905
1250000,5,3.5,2340
1150000,4,3.5,1917
599900,5,2.5,1036
334900,2,2,863
329888,2,2,756
250000,1,1,447
725000,4,2.5,1978
868600,4,3.5,1807
1995000,5,4.5,3114
300000,1,1,900
549900,3,2.5,1450
1249800,4,3.5,2365
269900,2,2,977
414900,2,2,1039
999999,6,3.5,2456
319900,2,2,768
339900,2,2,868
349900,3,2,763
1020000,5,4,2336
639999,4,2.5,1363
699900,3,3.5,1127
599900,5,2.5,1207
190000,1,1,615
499900,3,2.5,1249
1099000,5,3,962
399900,3,2.5,1140
429900,3,2,1000
849800,3,2.5,2114
1025000,4,3.5,2017
309900,2,2,923
675000,2,2.5,1606
435000,3,2.5,1244
1388000,3,2.5,3269
1179990,4,3,1941
925000,5,3.5,2344
635500,2,2,1005
399900,3,2.5,1157
529900,4,2.5,1091
519900,1,1,948
259900,2,2,1022
824900,4,3.5,1757
415000,2,1.5,1205
739900,4,2,1048
425000,3,1.5,1018
624900,3,2.5,1474
244900,2,1,569
236888,2,2,877
749900,5,3.5,1871
365000,2,2,766
599000,3,2.5,1148
219900,2,2,820
629900,4,3.5,1510
830000,6,4,2479
289900,2,2,776
475000,3,2,960
399800,2,2,1101
374000,2,2,994
724900,4,2.5,1352
539000,5,2,1083
599000,3,2.5,1713
999900,5,3.5,2487
539900,4,2,1023
344900,3,2,885
635000,5,3,1245
299000,2,2,844
789999,4,3.5,2069
399900,2,2,902
545000,2,1.5,1005
389900,2,2,638
620000,4,2.5,2324
525000,4,3,1246
1100000,4,3.5,2025
1095000,2,2.5,1921
825000,4,3.5,2249
457500,3,2,969
299000,1,1,582
459000,5,1,1022
339990,3,2,845
685000,5,3.5,1356
669900,5,3.5,1357
299900,1,1,658
223000,2,2,824
485000,3,1,802
649900,3,2.5,1402
374900,2,2,1036
849900,4,3,1232
569900,4,3.5,1475
709900,3,2.5,1025
949900,4,3.5,1959
400000,5,2,1100
527875,3,2.5,1426
799800,4,3.5,1529
699888,4,3,1044
440000,2,2.5,1290
392900,3,1.5,1038
575000,3,2.5,1428
289000,1,1,650
339900,2,2,766
399900,3,2.5,1100
244900,2,1,540
669000,3,2.5,1955
700000,2,2,1482
500000,4,2.5,1106
289900,2,1,935
925000,5,3.5,2368
820000,4,3.5,1737
225000,2,1,765
625000,4,1.5,1174
615000,5,2,1149
649888,4,2.5,1487
790000,5,3.5,1770
814900,3,3,2373
565000,4,2.5,1509
485000,4,1.5,1093
550000,3,2.5,1550
649900,6,3,1448
375000,2,2,910
320000,2,2,996
1349000,3,3.5,2046
425000,2,2,759
389900,2,2,992
1450000,3,2,2439
409900,3,1.5,1240
545000,4,3.5,1323
645000,3,1.5,681
529500,4,3.5,1245
864999,4,3.5,2380
877695,3,2.5,1201
990000,6,4,2931
935000,3,2,1230
515000,3,3.5,1311
1399900,5,3.5,2629
489900,4,2,973
375000,2,1.5,531
1499900,3,3.5,3220
839000,4,3.5,2102
365000,2,2,843
430000,2,2,985
358000,2,2,874
369000,2,2,891
524900,3,2.5,1186
1499900,5,3,2470
624900,2,2,1623
718500,2,2.5,1218
749900,3,2.5,1558
699900,2,2,1566
459900,2,3.5,1423
675000,4,3.5,1752
2224900,6,3.5,3071
309900,1,1,641
440000,2,2.5,1261
2350000,2,2.5,2882
475000,3,2.5,1524
679000,4,3.5,2191
320000,2,2,926
220000,1,1,627
298800,2,2,851
675500,3,2.5,1809
775000,4,3.5,2239
1149900,3,2.5,2544
760000,4,3.5,1890
949900,4,3.5,2530
1750000,5,3.5,2618
249900,2,1,846
579000,4,4,1012
949900,4,4.5,1882
299800,2,2,841
749900,4,3.5,2120
299900,1,1,788
873000,3,3.5,2884
329000,2,2,867
499900,4,2,979
480000,3,2,1138
649000,3,2.5,1167
309990,2,2,738
449000,2,2,1077
699800,2,2,901
749900,5,3.5,2432
329000,2,2,870
349900,2,2,849
650000,3,2,1222
1163900,3,3,2619
334900,2,2,723
235000,2,1,791
1325000,6,4.5,2814
359900,1,1,500
259999,2,1,570
314800,2,2,838
350000,2,2,843
875000,3,3.5,1686
835000,3,2.5,2327
250000,2,1,838
850000,5,2.5,1313
249900,2,1,785
649900,3,2.5,1647
539900,3,1,933
269900,3,1,1012
749900,1,2,1127
935000,4,3.5,2337
488884,4,2,949
540000,4,2,1078
464900,3,2,1078
1648888,3,2.5,2113
295000,2,1,752
849900,3,2.5,2467
350000,2,2,814
185000,1,1,631
799900,4,3.5,2020
369000,2,2,849
1800000,3,3.5,2885
295000,2,2,976
389900,3,1.5,1165
143900,1,1,504
599000,3,3.5,1265
948000,4,3.5,1741
739900,4,3,2220
499000,4,2.5,1397
249900,2,1,755
649000,5,2,1051
1995000,4,3.5,2640
585000,4,3,1227
739900,4,3.5,1952
289900,1,1,543
549900,3,2.5,1398
1249900,6,5.5,2182
775000,5,3.5,2103
625000,3,2.5,1780
339000,2,2,991
580000,3,2,682
469900,1,1,497
499000,2,2,1600
614900,3,2.5,1353
819800,5,2.5,2592
529900,2,2.5,1541
1299000,6,3.5,2852
1499000,4,4.5,2504
550000,4,2,1034
400000,2,2,1133
1375000,4,3.5,2425
695000,4,2.5,2057
239900,2,1,707
255000,1,1.5,724
1725000,6,5.5,4318
365000,2,2,898
269000,2,2,880
1299000,3,3.5,2596
399900,2,2.5,1109
249000,1,1,591
185000,1,1,624
700000,3,2.5,1910
549900,2,3,1201
1149000,3,2.5,2063
234900,1,1,580
899000,2,2,885
549900,3,2,1232
455000,2,2,691
429900,3,2.5,1292
1327200,5,3.5,3076
442000,2,1.5,1392
330000,2,1,1032
535000,3,2.5,1106
839990,4,2.5,2610
898800,5,3.5,2310
658856,3,2.5,1610
665000,6,3.5,2139
825000,4,3,2270
2295000,3,3.5,2316
699900,4,2,1046
855000,5,3.5,2754
759000,3,2.5,2072
600000,3,2.5,1879
1899000,2,2.5,2705
309900,2,2,765
979900,4,3.5,2155
249649,2,1,1080
335000,1,1,652
214900,2,2,850
399000,2,2,947
185000,1,1,489
889900,2,2,2555
499000,2,2,1546
1200000,8,4,1988
875000,4,3.5,1450
839000,4,3.5,1931
539900,4,2.5,1172
549000,5,2,1112
499000,3,2.5,1593
1365420,3,3,1342
749900,3,2.5,2028
749900,5,3.5,1757
575000,5,2,970
356000,1,1,521
189900,1,1,629
2199900,3,4.5,3076
269000,2,1,749
249900,2,1,848
325000,3,2,891
609900,2,2,1022
489990,3,2.5,1346
570000,3,2.5,1454
700000,3,2.5,2294
559900,3,2.5,1557
859900,4,3,2423
419900,2,2,956
264999,2,1,670
669900,5,3.5,1509
399999,3,1.5,1176
549999,2,2.5,1290
235532,2,1,865
239000,2,1.5,484
650000,4,3.5,1324
627900,3,2.5,1634
765000,5,3.5,2166
323988,2,2,862
835000,5,2.5,2266
319900,2,2,802
594900,3,2.5,1640
699900,3,2.5,1689
750000,3,2.5,2021
549900,5,2.5,1248
649900,3,2.5,1780
295000,2,1,782
359900,1,1,733
1000000,4,2,974
472000,3,2.5,1368
674900,4,3,1155
879000,4,3.5,1823
650000,4,2,837
414900,2,2.5,1162
699900,5,3.5,1354
870000,4,3.5,2147
745000,4,3.5,1710
290000,3,1.5,1116
3599000,3,4.5,2217
249900,2,1.5,937
155000,1,1,590
229900,1,1,493
479900,2,1,650
339900,2,2,929
2199000,6,3.5,2769
739000,4,3.5,1981
829000,6,4,1163
1499000,4,4.5,3110
500000,4,1,2100
1599000,4,3.5,2184
450000,1,1.5,928
395000,2,2,820
569900,2,2,1214
445000,3,2,513
849900,5,3.5,1804
950000,4,2.5,2410
749900,4,3.5,1794
1100000,4,3.5,2454
1420000,4,4.5,3306
849900,3,2,720
599900,5,2.5,1083
335000,2,2,904
548000,5,2,980
997800,3,2.5,2540
684900,4,3.5,1811
569900,3,2.5,1512
700000,3,2.5,2323
575000,3,3,1474
580000,5,3,1841
438000,4,1.5,1122
539900,4,2,836
325000,3,2,905
388888,3,1,924
358900,2,1.5,1039
625000,3,2,942
849000,3,2,1170
299900,2,1,930
699900,3,2.5,2172
664000,4,2.5,1211
899000,4,3.5,2370
679900,3,3.5,1738
739000,4,3.5,1716
528000,3,2.5,1448
649000,5,2,1081
1200000,5,3.5,2772
360000,2,1.5,985
855000,5,3.5,1829
249900,3,1,860
765000,3,2.5,2297
209900,1,1,566
1383000,5,4.5,3093
825000,2,2,1080
524900,5,2.5,1138
664900,4,1.5,1228
550000,4,2,1045
779500,5,2,1050
875000,6,4.5,2936
299000,3,1.5,1140
580000,4,2.5,1260
499900,2,2.5,1088
999000,5,4,2675
989000,6,3.5,2649
749900,4,3,1355
659900,4,3.5,1609
899900,3,3.5,2060
1495000,4,4.5,1924
774900,4,1.5,1685
608990,2,2.5,1352
404900,2,2,1080
525000,3,2.5,1764
664900,3,3.5,1334
799900,4,3,1119
495000,2,2,867
549000,3,3.5,1446
370000,2,2.5,1166
279900,2,2,765
239900,1,1,590
849900,5,3.5,2625
413900,3,1.5,1041
620000,3,3,1090
239990,1,1,588
675000,4,3.5,1938
569000,3,2.5,1587
639888,4,3.5,1503
795000,2,2.5,1581
675000,3,2,1042
258800,1,1,665
519900,2,2,934
595000,3,2.5,1772
950000,4,3.5,2087
215000,2,1,862
1195000,5,3.5,2736
594900,3,2.5,1544
349900,2,2,976
1169900,4,3.5,1883
329900,2,2,965
449900,3,3.5,1100
539900,3,2,1009
799999,4,3.5,2250
480000,4,1.5,850
399900,1,1,481
468000,3,3.5,1271
544900,3,2.5,1396
519900,3,2.5,1267
599999,5,2.5,1161
732800,3,2.5,1206
369000,2,2,864
674900,4,3.5,1779
269900,2,1,758
489999,3,2.5,1214
499900,1,2,1050
247700,2,2,881
348000,2,1.5,849
549900,3,3.5,1353
299900,3,1.5,443
830000,5,3.5,1767
1095000,4,3.5,1611
1149900,4,3.5,1815
459900,3,2.5,1269
199900,2,1,832
329900,1,1,589
300000,2,1,1018
290000,2,2,837
374900,3,1,923
1200000,5,3.5,2816
535000,3,2.5,1348
599900,3,2.5,1236
999900,4,3.5,2174
349900,3,1.5,1286
609999,4,3.5,1578
199900,1,1,585
329900,3,1.5,1149
649900,4,2.5,1848
2590000,4,3.5,3325
245000,2,1,742
425000,3,2.5,1214
584900,3,2.5,1465
650000,3,2.5,1289
625000,3,3.5,1706
799900,5,3.5,2429
239900,1,1,583
599888,3,2.5,1581
574900,3,2.5,1533
1775000,5,3.5,2954
789000,4,3.5,1615
594900,4,2.5,1457
359900,4,2.5,1146
647500,4,3.5,1562
279900,1,1,578
179000,1,1,495
649888,5,3.5,2011
725000,4,4,1815
845000,3,3.5,2147
332750,2,2,876
564900,4,3.5,1470
445000,3,1.5,794
550000,4,3.5,1671
364000,2,2,845
795000,3,2.5,2268
428800,3,2.5,1394
1129999,4,3.5,2871
315000,1,1,586
329000,2,2,887
2599900,4,3.5,4469
499999,3,2.5,1340
1100000,4,3.5,2545
474900,2,2.5,1288
549900,3,2.5,1239
235000,2,1.5,535
1300000,7,4,1741
419900,3,1.5,1066
449900,4,2,1008
450000,2,2,1019
524800,4,1.5,1117
728800,3,3,1588
265000,1,1,853
329000,2,2,825
2350000,4,4.5,3551
470000,5,2,998
799900,5,3.5,2144
579900,5,2,1014
304900,4,2.5,1096
599000,5,2.5,1086
224900,2,1,997
779000,3,2,1656
449900,4,3.5,1060
255000,2,1,762
449000,3,1.5,1110
459900,4,2,647
290000,2,1,801
675000,4,2,1094
235900,1,1,433
1095000,4,3.5,2266
749000,4,3.5,2158
450000,3,1.5,1113
729900,6,3.5,2073
429900,2,2.5,1113
949900,6,3.5,2623
279900,1,1,708
1360000,5,3.5,3001
345000,3,2,891
439999,6,2,946
679900,3,2.5,1922
475000,5,2,1087
780000,5,4,2124
468000,2,2,922
669800,4,3.5,2023
749000,3,3,1416
1198900,5,3.5,1600
649000,4,3.5,2078
550000,3,1,1151
689000,5,3,1256
599000,4,3.5,1443
245000,2,1,760
895000,4,3.5,1823
550000,4,3,1252
790000,4,3,1323
1700000,4,3.5,2575
498000,4,2,939
299900,1,1.5,550
939900,5,4,2865
274800,2,2,696
600000,4,2.5,1651
1000000,3,2.5,2178
179000,1,1,579
250000,1,1,701
759900,3,2.5,2078
374900,2,2,1208
540000,2,1.5,1254
570000,4,3,1076
699000,5,2.5,2128
485000,2,2,905
949888,5,3.5,2282
489500,3,2.5,1142
499900,2,2,1473
829900,4,3.5,2210
749900,4,3.5,1529
585000,2,2.5,1089
615000,4,3.5,1638
690000,3,2.5,1600
260000,2,1,749
449900,2,2,1087
575000,3,2.5,1642
582000,3,2.5,1602
259900,2,2,829
1199900,4,3.5,1849
370000,3,1.5,1204
499888,2,2.5,1262
509900,3,3,1085
645000,3,2.5,1983
649900,4,3.5,1322
899900,4,3.5,1855
700000,3,3.5,1532
175000,1,1,658
989000,4,4,2925
529900,4,1.5,1162
879000,3,2.5,2023
779000,4,3.5,2299
899000,2,2.5,1517
815000,4,2.5,2326
799900,5,3.5,1578
724900,3,2.5,2284
700000,4,2,1062
749500,4,2.5,2141
469000,4,2,960
300000,2,2,939
799000,4,3,2327
515000,4,3.5,1057
650000,3,2.5,1782
500000,2,2.5,1381
420000,2,2,1075
822000,3,2.5,2067
529500,2,2.5,1273
175000,2,1,852
274900,2,1,698
624999,3,2.5,1942
279900,1,1,818
438800,2,2.5,1111
999888,4,3.5,1448
825000,3,3.5,1568
468900,2,1,811
418000,3,2,646
430000,2,2.5,1300
449000,4,2,990
1200000,5,2.5,3240
388900,3,1.5,1161
770000,5,4,1325
749000,3,2.5,2308
219900,1,1,487
449500,3,2,977
649000,4,2.5,1254
799000,4,3.5,2154
389500,1,1,910
199900,1,1,675
620000,4,3.5,1936
618000,3,2.5,1390
619900,3,2.5,1616
895000,3,2.5,1423
725000,4,3.5,1841
999999,4,3.5,1516
575000,4,2.5,1286
274500,2,2,1020
525000,3,2.5,1413
249900,2,2,866
599900,5,4,1555
700000,3,3.5,1807
574800,3,2.5,1708
475000,4,2,836
599999,3,3,1444
275000,1,1,458
688800,4,2.5,1263
724900,4,3.5,2348
2350000,6,3.5,2654
2100000,6,4.5,3190
274900,2,1,904
249900,1,1,651
415000,2,2,820
679000,4,3.5,2067
519900,3,1.5,1020
460000,2,2.5,1233
339900,1,1,577
455400,2,2,913
599000,4,3.5,1190
825000,3,3,1479
475000,2,2,1042
724900,4,2.5,2252
739900,5,2,1004
479900,3,1.5,1078
169900,1,1,452
339900,2,1.5,814
689000,3,3,1043
799900,4,3,1083
329000,2,2,907
600000,4,2.5,1245
829900,4,2.5,2580
485000,3,2.5,1254
669900,4,3.5,1932
975000,4,3.5,2608
1279000,4,3.5,2127
449900,3,2,988
775000,4,3.5,1838
314900,2,1,618
779900,4,2.5,2330
709000,5,2,1187
774900,3,2.5,2294
849000,3,2,856
314900,1,1,645
489000,5,2,939
699000,4,2,1126
1089888,5,3,1531
430000,3,1.5,1216
999000,5,4,2676
545000,3,2.5,1316
799000,3,2.5,2186
349900,3,1.5,1042
989000,5,4,2866
329900,3,1.5,989
279900,2,1,786
547900,3,2.5,1528
249900,1,1,472
284000,2,2,840
424900,2,1.5,1021
199000,2,1.5,816
199500,2,1,821
300000,2,2,928
579000,4,2.5,1107
999900,3,3,1150
569900,3,2.5,1578
1149900,2,2.5,1920
359900,3,2,948
629000,5,3,1339
1795000,4,3.5,3517
265000,2,2,877
349900,1,1,665
399900,3,1.5,1188
799900,3,2.5,1665
550000,2,2,821
639900,3,2.5,1877
379900,1,1,925
479900,3,1.5,1201
589000,3,2.5,1664
819900,2,2,1086
2400000,6,2,2147
265000,1,1,578
489000,4,2.5,1500
275000,1,1,669
224900,1,1,570
799900,2,2,1660
659900,3,2.5,1712
699000,4,3,1538
710000,2,2.5,2122
874900,3,2,927
205000,1,1,450
999990,4,3.5,2552
210000,1,1,400
474977,3,2.5,1102
269900,1,1,664
460000,2,1.5,1023
2099900,4,4.5,2923
549900,3,2.5,1900
549900,3,2,1078
215000,1,1,701
455000,2,1.5,1193
1179000,4,3.5,1907
494900,2,2,1031
950000,6,3.5,2709
889900,4,3.5,2261
455900,2,2.5,1202
439900,2,2,1089
450000,3,1.5,1073
869900,4,3,2631
769000,3,2.5,2094
659900,3,2.5,1235
689800,3,2.5,1869
295000,1,1,680
899000,6,4,2758
400000,4,2,960
699900,2,2,1330
579900,3,2.5,1691
290000,2,2,852
229900,1,1,640
278800,2,1,698
749900,3,2.5,2088
499900,3,2.5,1319
1250000,5,3.5,3218
549900,5,2,1035
349999,2,2,729
425000,1,1,959
340000,2,1,790
899900,5,3.5,2719
774900,4,3.5,2182
260000,2,1.5,1083
239900,1,1,589
930000,3,2.5,2188
319000,2,2,850
240000,1,1,501
399900,2,2,1302
369999,2,1.5,1025
315000,2,1.5,852
235000,2,1,758
799900,3,2.5,1751
478900,4,2.5,1502
249999,2,1,829
799500,5,3.5,2397
899900,4,3.5,1741
755000,4,3,2301
859990,4,2.5,2355
969900,4,2.5,2641
358900,1,1,717
1150000,4,3.5,3143
374900,2,1,803
849000,4,2.5,1824
400000,2,2.5,1351
192000,2,1,852
835000,4,3.5,2125
1695000,3,2,1802
349000,2,1,847
244900,2,1.5,1073
324900,2,2,832
209900,2,1,808
749000,6,2.5,1169
400000,2,2,1855
315000,2,1,799
1590000,4,2.5,2003
819000,4,3,2154
949900,5,2,1156
503895,3,2.5,1133
919000,6,4.5,2275
339900,2,2,1178
279900,2,1,673
425000,3,2.5,1386
1100000,7,5,2750
499000,2,2,905
672000,5,3.5,1749
889000,5,3.5,2222
419900,2,3,2243
190000,2,1,846
399900,3,1.5,1063
310000,2,2,935
299000,1,1,419
355555,2,2,846
329000,2,2,1001
574900,4,2.5,1133
629900,4,3,1453
1099900,5,3.5,2268
499000,3,2.5,1415
585000,3,2.5,1518
735000,6,3.5,2241
469900,3,1,1120
665000,3,2.5,1869
339900,1,1,591
619900,3,2.5,1520
1275000,4,4.5,2136
449900,2,2,1204
569000,3,2.5,1440
1199000,5,3.5,1864
369900,1,1,570
259900,2,1,671
944000,6,3.5,2841
439900,3,2.5,1380
479900,5,2.5,1043
350000,4,1.5,984
369000,2,2,700
780000,5,3,2370
409900,3,2.5,1394
479900,5,3,946
3200000,5,4.5,3686
299900,1,1,888
389900,3,1,955
729900,3,2.5,1812
668000,3,2.5,1840
1699900,5,3.5,2726
819900,4,3.5,2126
929900,5,5,2691
429800,3,2,837
1650000,3,3,2269
699900,4,2,1343
525000,3,3.5,1437
259900,1,1,675
449000,2,2,1218
680000,3,2,1277
479000,5,2,1130
2189000,5,4.5,3148
790000,5,4,2339
622900,3,2.5,1617
1400000,4,3.5,2175
379900,2,2,836
699000,1,1.5,1051
159900,1,1,766
359900,2,2,902
1075000,5,4.5,1846
519000,5,3.5,1499
759900,3,2,1980
319900,2,2,761
995000,2,2,1655
250000,2,1,863
799900,5,3,1576
300000,1,1.5,587
770000,5,3,1543
719900,3,2.5,1808
1699000,5,4.5,2796
699999,5,3,1286
234500,1,1,518
269900,1,1,607
199900,1,1,488
2800000,5,4.5,4352
849900,3,2.5,2394
589900,3,2.5,1639
800000,4,3.5,1823
625000,2,2,1058
999900,4,3.5,2513
2500000,1,1,950
850000,4,3,2315
889000,4,3.5,2477
855000,6,3.5,2136
599999,3,3.5,1403
154900,1,1,651
179900,1,1,889
949000,3,2.5,1266
350000,1,1.5,917
265000,1,1,675
299900,1,1,541
984900,6,5.5,2844
289900,2,1,998
369000,3,1.5,1053
725000,3,2.5,2149
889000,5,3.5,2190
258000,1,1,482
1495000,4,4.5,2289
329900,3,1.5,1030
449000,3,1,987
288999,2,2,1002
271000,2,2,764
1695000,5,3.5,3331
559888,3,2.5,1364
349900,1,1,778
274900,2,2,802
779000,3,2,888
730000,5,2,863
750000,4,3,985
544900,4,2,1067
779900,4,3.5,2141
749000,4,3.5,2713
2890000,5,3.5,2867
249900,1,1.5,684
499999,2,2.5,1419
849900,5,3,1551
949000,2,2,1299
229000,2,1,476
925000,3,3.5,2995
850000,3,2,1459
400000,2,2,762
1100000,3,3,2272
1399900,5,4.5,3082
548999,5,3,1124
1285000,5,4.5,3090
550000,1,1,553
315000,2,2,801
624900,4,2.5,1828
835000,4,3.5,2427
4850000,4,6.5,5008
530000,4,1.5,923
678000,4,2.5,1208
1199000,6,3.5,2754
819900,5,3.5,2308
405900,1,1,657
4495000,5,4.5,4867
1099900,4,3.5,1952
888000,5,3.5,1928
234900,2,1,721
765000,5,2.5,1882
759899,3,3,1024
1695000,4,3.5,2283
214900,1,1,560
265000,2,1,596
299900,2,1,611
639000,4,3.5,1651
650000,3,2,1159
329900,1,1,583
750000,4,3,1894
949900,4,3.5,1705
520000,2,2,1202
329900,1,1,512
459900,2,2,790
570098,3,2.5,1461
648795,3,2.5,1819
583800,3,2.5,1484
591045,3,2.5,1636
575000,5,2,1164
1550000,3,2.5,1657
649900,3,2.5,1883
634900,3,2.5,1568
699500,4,3.5,2060
599900,3,2.5,1568
594900,3,2.5,1481
799900,3,3,1511
919000,4,3.5,1858
735000,2,2.5,1020
849900,4,3.5,2348
1399000,4,4.5,2896
2950000,2,2.5,3085
1249000,4,3.5,2434
669000,2,2,1427
779900,6,4.5,2076
263000,2,2,902
568888,5,2,1009
799000,7,3.5,2601
279900,1,1,500
279000,2,2,837
299900,2,2,958
1189000,4,3.5,2699
1099900,4,3.5,2015
279900,2,1.5,1059
759900,4,3.5,1734
279900,3,1.5,1065
1399000,3,3.5,4078
898888,7,6,2810
369999,3,1.5,951
479900,3,1.5,1134
619900,3,2.5,1631
600000,3,2.5,2195
499900,4,2.5,1307
279900,1,1,469
479900,3,2.5,1191
658888,3,2.5,1705
795000,2,3,1949
1075000,5,4.5,1846
859000,4,3.5,2559
479900,2,2,1211
339800,2,2,847
879000,3,3.5,2106
335000,1,1,423
459000,2,2,1090
524900,2,2,1176
249900,2,2,839
354000,2,2,837
475000,2,2,1213
575000,3,2.5,1336
349900,1,1,614
1298000,4,3.5,2451
395000,2,2.5,1571
850000,4,3,1089
1178000,6,3.5,2770
795000,3,2.5,1761
774300,3,2.5,2374
549900,4,2.5,1045
749000,3,3.5,1741
489000,2,2,1101
719900,4,2.5,1287
1200000,3,2.5,1694
755900,3,2,1352
749900,3,2.5,1898
600000,3,2,1035
470000,2,2,793
469900,2,1,928
255000,1,1,484
475000,3,3.5,1071
318813,1,1,621
325000,2,2,906
225000,1,1,603
599900,2,2,1032
215000,1,1,556
450000,2,2.5,1329
734900,3,2.5,1964
274900,2,1,470
165000,1,1,595
414900,2,2,1067
899900,3,2.5,2248
1100000,4,3.5,2771
1025000,3,3,1924
359900,1,1.5,652
1350000,4,3.5,1996
820000,5,4,2284
1150000,4,3.5,2477
194999,1,1,434
259900,2,1,732
530000,2,2.5,1111
875710,3,2.5,2431
749900,3,2,1908
224900,1,1,479
3499000,6,6.5,4595
539900,3,2.5,1427
224900,1,1,458
1249900,4,4.5,2393
284900,1,1,603
245000,2,2,877
1650000,5,3.5,3176
749000,4,3.5,1957
599900,4,2.5,1309
418000,2,2.5,1230
597000,2,2,1601
619900,4,3,1514
675000,3,2.5,2324
1449900,5,4.5,3223
725000,4,3.5,1424
355000,1,1,563
515000,5,2,1044
633000,3,2.5,1652
1395000,4,2.5,2806
699900,4,3,1530
1849900,3,4,4167
2350000,3,3.5,3037
314900,2,2,1176
1495000,4,2.5,2186
749900,4,3.5,2091
329900,2,2,862
1999000,6,4.5,4011
2299000,6,4.5,2034
400000,2,1,838
375000,3,1.5,1147
299000,3,1.5,1008
297500,1,1,500
699900,4,3,1090
750000,4,3.5,1822
588000,4,2,1445
999900,4,4,2974
545000,4,2,933
234900,1,1,589
699900,7,3.5,2550
639900,3,2,1149
1199300,4,3.5,2208
2795000,4,3.5,2727
209900,1,1,307
369900,2,1,835
299000,2,1,850
295000,2,2,931
299900,2,2,990
295900,1,2,644
750000,5,2,980
635000,4,2.5,1997
919000,4,4.5,2293
499900,3,2,824
599900,4,3,1235
265000,1,1,705
584999,5,2,1052
279900,1,1,488
230000,2,1,851
689000,3,2.5,1880
299900,2,2,756
299900,2,2,885
1050000,3,2,1444
1199000,4,3.5,1406
849900,4,3.5,2118
600000,3,2.5,1721
1349000,6,4.5,3150
864900,4,2,2182
1350000,4,3.5,1915
839900,4,3.5,2295
719900,3,2.5,2039
850000,4,3.5,2396
550000,3,2.5,1492
355000,2,2,695
1365999,4,2,1451
240000,2,1,812
649900,2,2,1318
625000,3,2.5,1437
312900,2,1,899
670000,3,2.5,1918
589000,3,2.5,1609
874900,4,3.5,1756
1350000,4,3.5,2874
785000,4,3.5,2111
679900,4,2.5,2130
650000,1,1.5,1185
449900,3,1.5,1073
465000,3,1.5,1130
489900,3,1.5,1347
554900,4,3.5,1694
725000,2,2,1504
995000,4,3.5,1901
2080000,4,3.5,3132
289900,1,1.5,837
1695000,4,3.5,39654
320000,1,1,490
849900,3,3.5,2402
199000,1,1,559
359900,2,2,866
510000,4,3.5,1727
472395,2,2.5,1154
469900,2,2,884
199900,2,1,889
298000,3,2,1072
674900,7,3,1552
399900,1,1,730
528888,3,1.5,1251
679900,3,3.5,1676
449000,4,2.5,1506
789900,3,2.5,2463
459000,3,2.5,1247
429900,2,2,595
270000,2,1,757
749000,3,2,867
269000,1,1,690
2199000,5,4.5,3441
449900,3,2.5,1139
659900,4,3.5,1876
399900,2,2,584
579900,4,2.5,1572
500000,3,2,908
309900,1,1,658
429900,2,2.5,1355
590000,2,2.5,1450
469900,5,2,926
739900,3,2.5,1916
199999,1,1,845
1300000,3,2.5,2150
999999,4,3.5,1901
749900,3,2.5,2271
949900,5,3.5,2486
890000,3,2.5,2583
725000,4,3.5,1988
738888,3,2.5,1918
589900,5,3,1317
643990,4,1.5,1290
768000,4,3.5,1749
1199900,4,3.5,2172
750000,4,3.5,1680
629900,3,2.5,1374
2000000,6,4.5,3688
374900,2,2,702
379999,2,2,1184
229900,2,1,884
295900,1,1.5,800
849900,4,3.5,1724
599900,4,3,1854
610845,4,2.5,1753
325000,1,1,591
1550000,2,1.5,1027
606620,3,2.5,1611
615390,3,2.5,1753
859900,2,1,1097
479900,2,2.5,1171
538888,2,2.5,1120
380000,2,2,850
449900,4,3.5,1197
799000,3,3,1298
1199000,2,2,1444
665000,3,2.5,1701
239900,1,1,604
349900,2,2,1084
735099,3,2.5,1167
464900,2,2,1112
1259990,4,4.5,3004
539900,2,1.5,715
234900,1,1,576
539900,3,2,998
329000,1,1,759
639786,4,3.5,1497
610000,3,2.5,1675
229900,3,1,954
199000,1,1,514
845000,2,2.5,1207
329000,2,2,912
759000,3,1,1302
249900,2,1,753
1495000,4,3.5,3051
2499000,2,2,2056
759900,5,3.5,2048
650000,2,3.5,1556
279900,2,1,791
699800,4,3.5,1638
1529000,4,3,2072
299000,2,2,1073
269000,2,2,842
899900,4,3.5,2710
900000,3,3,1449
399900,2,2,1157
300000,1,1,499
699900,3,2.5,2330
238800,2,1,732
1100000,3,3.5,2266
819500,3,3,1389
889900,4,3.5,2382
919900,4,3.5,2910
719888,3,2.5,1860
779000,4,3.5,1991
660000,3,3.5,1579
799000,4,3.5,1724
329900,1,1,559
1164900,4,3.5,2887
569900,3,2.5,1600
599900,3,2,1562
333800,1,1,531
789800,5,3.5,2250
599900,5,2,1130
564900,2,2,1415
1698000,3,4.5,2930
859000,4,4.5,2083
509000,2,1,873
499000,2,2.5,1575
749900,5,3,1224
1099000,4,3.5,2021
1199000,4,3.5,2494
530000,2,2,837
230000,2,1,769
949900,3,3.5,1530
1999900,5,3.5,3209
217500,2,1,876
525000,3,2.5,1344
510000,3,3.5,1078
899900,5,3.5,2525
279900,1,1,525
459900,4,2,906
2295000,5,2.5,3125
199000,2,1,810
569000,4,2.5,1244
529000,3,2.5,1415
385000,1,1,641
249900,2,1,830
575000,5,2.5,1055
579900,3,2,960
870888,4,3,2730
575000,7,3.5,1176
650000,4,2,1013
689900,4,3.5,1937
749900,3,2.5,2084
719900,4,2.5,1750
389900,2,1.5,1053
443000,3,2.5,1493
699999,2,2,1746
449900,3,2.5,1230
1299900,3,3.5,1862
755500,4,3.5,1764
234900,2,1,851
1698000,3,2.5,2302
329900,2,1,948
406900,2,2,1323
279900,1,1,664
270000,2,1,849
2198000,4,3.5,3790
799900,4,2.5,1995
800000,5,1.5,1827
749900,5,2.5,1169
429900,4,2,872
209900,1,2,509
3338881,5,4.5,3858
399900,2,2,734
264900,1,1,701
639900,5,3,1581
549000,4,2,1135
729800,3,2.5,1375
1218000,6,3.5,2706
597000,4,3,1396
610000,5,2.5,1085
399900,2,2,1204
680000,4,3.5,1962
619900,3,3.5,1757
750000,4,3.5,2273
200000,1,1,550
389900,1,2,401
330000,1,1,588
399900,2,2,842
999999,7,4,2231
335000,1,1,772
629900,4,3,1653
190000,1,1,709
999900,3,2,1349
650000,2,2.5,1046
299000,2,1,993
349900,1,1,683
609900,3,3.5,1109
709800,4,3,1322
420000,2,2.5,1306
709900,4,2,1063
3950000,4,4.5,4420
287500,2,2,951
995000,3,3.5,1889
799000,3,2.5,1886
469000,2,1.5,1054
222000,2,1,698
515000,3,3.5,1435
925000,4,3,1131
589900,4,3.5,1346
1000000,5,3.5,2422
399900,2,2.5,1088
599900,4,3,1038
1598000,6,3.5,4049
469900,5,1,948
675000,3,2,1923
460000,3,3,1261
369900,2,2,885
619000,3,2.5,1060
1080000,4,3.5,2190
618000,4,3.5,1532
389800,2,2,1277
387000,3,2.5,1117
574500,2,2,1076
350000,2,2,845
1110000,4,3,1337
247500,2,1,983
520000,2,2,1267
1145000,3,2,1679
570000,4,3,1371
760000,4,3.5,2249
1980000,5,3.5,3958
949000,4,3.5,2050
700000,6,2.5,1190
1050000,3,1,1146
464900,2,2,826
324900,2,1,857
1275000,3,2.5,1557
379900,3,2.5,1194
850000,3,2.5,2101
610000,3,3.5,1079
894900,4,3,1467
549900,2,2,1371
659900,2,2,941
309900,2,1.5,969
630000,3,2.5,1651
420000,3,1.5,1056
379900,2,2,1092
1350000,3,3.5,2581
759900,5,3.5,2254
830000,3,2.5,2130
539000,2,2,1107
444900,3,2.5,1117
254000,2,1,829
499999,4,2.5,1559
880000,10,4,2054
664500,4,3.5,1860
399900,2,2,898
269900,2,2,884
179900,4,2,709
590000,3,3,1430
719900,3,2.5,1270
899999,4,3,1655
859900,4,2.5,2233
299900,1,1,740
779999,3,2.5,2316
300000,1,1,714
446800,2,2,1036
749900,3,3.5,1901
289900,2,1,426
309000,1,1,516
505000,3,2.5,1428
559900,3,2,889
224900,1,1,567
199999,1,1,543
299000,2,2,770
1249000,3,2.5,2923
239900,2,1,812
330000,2,1,861
599900,4,3.5,1701
189900,1,1,530
339900,1,1,497
2100000,4,4.5,3346
1595000,4,3.5,2573
959900,4,3.5,2525
699888,2,2,1220
614900,4,3.5,1458
179900,1,1,665
638000,3,2.5,1707
459900,3,2,1163
1999000,6,5.5,3776
389900,2,2,1247
1000000,5,4,2753
399000,2,2.5,1097
599900,4,3.5,1272
979000,6,3.5,2535
229900,1,1,577
589900,5,3.5,1362
539998,3,2.5,1531
969000,4,4,2293
309900,1,1,643
1750000,6,3.5,2792
324900,2,2,951
949000,6,3.5,2530
255000,2,1,848
699900,5,2,1149
778800,4,3,1480
848711,4,3.5,1646
449900,5,2,948
279000,2,1,864
1358000,4,1.5,2694
1249900,4,3.5,2640
774900,4,3.5,1440
399900,2,2,1193
329900,1,1,500
259000,2,1,767
349900,1,1,581
599000,2,2,811
980000,2,2,1415
299900,2,1,743
284500,1,1,784
649900,4,3.5,1675
1199000,4,3.5,2680
785000,5,3.5,2048
524900,2,2.5,1110
399000,1,1,522
305000,2,1.5,969
725000,4,1.5,1521
295000,2,1.5,1115
344900,1,1,488
479900,2,1,684
3700000,4,4.5,3453
505000,3,2.5,1415
350000,1,1,706
600000,2,1,864
539900,3,2.5,1285
540000,4,3,1483
849900,4,3.5,2119
249900,2,1,525
509900,4,2.5,1481
694000,5,3.5,1741
205000,2,1,783
159000,1,1,435
312900,2,1,900
349800,1,1,578
769800,5,3,1806
998888,4,3.5,2005
264900,2,1,788
649999,5,3.5,1779
659900,4,3.5,1882
1150000,4,3.5,2116
1598000,6,4,3379
314900,2,2,777
1975000,4,3.5,3470
729900,3,3.5,2047
375000,2,2,952
310000,1,1,597
499900,2,2,1132
199000,1,1,628
1495000,5,3.5,2952
249900,2,2,1056
379900,2,1.5,1080
1469000,5,3.5,2778
829900,4,3.5,2215
200000,1,1,496
639900,3,2.5,1591
865000,5,3,1109
1299900,3,3,2082
725000,3,2.5,2050
450000,2,2,897
1168000,4,3.5,2555
675000,3,2.5,2023
769900,3,3.5,1437
665000,3,3,1326
830000,3,2.5,2411
295000,1,1,490
529000,4,2,748
899900,4,3.5,1755
189900,1,1,695
439900,2,2,1097
319900,2,2,823
749900,4,2.5,2227
659900,3,2.5,1713
974900,4,3.5,1868
365000,1,2,902
524888,3,1.5,1122
344500,2,2,885
875000,6,4.5,2359
1200000,4,2.5,2768
249900,1,1,596
624900,1,2,1536
279777,2,1,711
743900,4,2.5,2345
759000,4,4.5,1638
359900,3,1.5,1018
189900,1,1,577
595000,3,3,1185
329900,2,2,1042
1200000,4,3.5,2266
1098000,7,3.5,2767
1090000,6,4.5,2645
594900,3,2.5,1546
715000,4,1.5,1100
940000,4,2.5,1932
318000,2,2,871
265000,1,1,622
380000,2,2,869
265000,2,1,581
380000,2,2,869
699900,2,2,2107
202750,2,1,873
179000,1,1,503
619000,3,1.5,1004
520000,2,2.5,1372
659900,4,3.5,1755
229900,3,1,1115
288800,1,1,428
454900,3,2.5,1431
833049,3,2.5,1689
675600,3,2.5,1133
679900,3,3,1356
849999,3,2,1458
499000,4,2,957
799900,3,2.5,2081
669999,4,3.5,1581
1200000,4,2.5,2650
1150000,4,3.5,2430
299900,2,2,791
669999,1,1.5,947
429000,2,2.5,950
324900,1,1,537
899900,1,1.5,1232
849900,4,3.5,2088
299999,2,1,827
425000,2,2,951
399900,2,1,540
770000,5,3.5,2040
1300000,4,3.5,2562
465000,2,2,1205
875000,5,3,2411
789999,7,3.5,2178
405000,2,2,816
598000,4,3,1054
710100,4,3.5,1823
794900,3,2.5,2037
363000,1,1,524
524900,2,2,850
380000,2,2,754
429000,2,2,801
899999,5,4,2238
1499000,4,4.5,2464
999999,4,3.5,2018
699900,5,3,1352
355000,2,2,803
445000,2,2,1056
625000,4,3.5,1589
387500,2,2,1028
225000,1,1,531
799000,5,3,2340
499900,4,1.5,1265
359900,3,2,1349
429900,2,2,1086
574900,3,2.5,1696
630000,4,3.5,2039
420000,2,2,1060
234900,1,1,500
280000,1,1,736
685500,3,2.5,2072
679888,3,2,1298
535000,3,2,1104
279900,2,1,596
319900,2,2,1001
699900,4,3,1064
595000,1,1.5,1371
485900,4,2.5,1423
648800,5,2.5,1163
830000,4,3.5,1919
475000,4,2,843
850000,4,3.5,2481
325000,1,1,500
249900,2,2,820
259900,1,1,705
985000,4,3.5,1939
622000,3,2.5,1600
649900,3,2.5,1893
375000,2,2,1022
200000,2,1,861
577000,3,2.5,1287
359900,2,1,932
569900,3,2.5,1525
899000,5,3.5,1956
585000,3,2,1133
289500,2,2,939
519900,3,2.5,1475
1574900,4,3.5,3278
775000,6,3.5,2096
210000,1,1,600
824999,6,4,2440
849900,5,3.5,2224
1649900,6,5,3057
365000,1,1,558
197500,2,1,706
269000,1,1,436
210000,1,1,510
685000,5,3.5,1873
1798900,5,4.5,4249
399000,3,1,1105
999900,6,4,1905
445000,2,2,1077
588888,3,3,1484
839000,3,2,1017
275000,2,1,1027
194900,1,1,606
475000,3,1.5,1225
950000,2,2,1396
675000,3,2.5,1839
339900,2,2,975
1799000,4,3,2660
339900,2,2,834
499900,3,3.5,1517
300000,1,1.5,645
399500,2,2,863
1225000,3,3.5,1839
1850000,4,3.5,2617
837990,4,2.5,2750
625000,3,2.5,1588
649900,4,2,1224
1500000,4,3.5,1770
364900,2,2,1171
1129000,3,3.5,2449
479900,3,2.5,1524
1700000,5,4.5,3441
668000,4,3,1045
749900,3,2.5,1654
749000,3,2.5,1863
779900,4,3.5,2130
269900,1,1,673
769900,4,3.5,1956
365000,2,1,704
359900,1,1,580
320000,1,1,566
575000,2,2,977
392500,2,2,759
1025000,2,2,2145
639900,7,4,1418
325000,1,1,577
959900,4,3.5,1893
791000,4,3,1255
549800,3,2.5,1407
310000,2,2,845
549900,3,2.5,1366
334900,1,1,688
2325000,2,2.5,1939
1160000,4,3,1447
1085000,6,3.5,2457
749900,3,3.5,1972
349000,2,1,532
459900,3,2.5,1075
979000,4,3.5,2391
269900,2,2,966
289000,1,1,489
399000,2,2,723
350000,1,1,555
1325000,4,4.5,2517
565000,4,2,994
825000,5,3.5,2381
799900,7,4,1711
225000,2,1,883
599900,3,2.5,1807
899900,5,3.5,2415
1275000,4,3.5,1977
470000,3,2.5,1221
639000,4,3.5,1801
1499000,4,3.5,2375
178800,1,1,600
470000,3,2,1218
819900,4,3.5,1983
829900,5,3.5,2754
529800,3,3,992
2650000,4,5,3727
549900,3,2.5,1428
816000,2,2,1479
550000,3,2.5,1281
849900,2,2,1826
549900,3,2.5,1366
749900,3,2.5,2139
499000,2,2.5,1472
949800,8,4,2201
3880000,6,5.5,5042
296900,2,1,638
439000,4,2,885
568000,3,1.5,1321
739000,7,2,1800
700000,4,3,1426
559000,4,2.5,1278
268000,1,1,691
1489800,5,3.5,3485
768800,4,3.5,2004
399900,2,2,949
536000,4,3.5,1675
449000,2,2,775
2099000,4,4.5,2921
689986,3,3,1421
849900,3,2.5,2213
654900,3,2.5,1771
749900,2,2,1286
469900,2,2,1167
499900,4,2,905
444900,3,2,1187
384000,2,2,1050
247741,2,2,879
949900,3,3.5,2600
479000,4,2.5,1307
1202250,3,2.5,1187
790000,4,2.5,2107
849900,3,2,1220
874900,4,2,1340
265000,2,2,821
814888,4,3.5,2229
754900,4,3.5,2077
465000,5,2,1003
679000,2,2.5,1677
379000,2,2,756
569900,3,2.5,1416
304900,1,1,835
577500,3,2.5,1333
369900,2,2,842
429900,2,2,1053
659900,3,3,1820
701990,3,2.5,1885
775990,3,2.5,2435
375000,2,2,860
555000,3,2.5,1194
359000,2,2,889
469900,4,2,994
699999,4,3.5,1842
189800,1,1,759
359900,2,2,799
639900,2,2,910
339900,2,2,761
329900,2,1,702
579900,4,3,1461
699999,4,3.5,1727
1475000,6,3.5,2613
899900,3,2.5,2207
705000,4,2.5,2188
219000,2,1,720
1199900,5,3.5,2443
844900,4,3,1228
280000,2,1,659
339000,1,1,664
515000,3,3.5,1152
234500,2,2,819
349900,2,2,835
829000,6,4,1882
934999,8,6,2737
1050000,5,3.5,2476
849900,4,3,2371
1180000,3,2.5,1592
544500,5,2.5,1190
429999,2,2,788
539900,5,2.5,1425
960000,3,2,1188
659900,3,2.5,1993
580000,4,3,1405
789000,3,2.5,2339
774900,4,3,2254
564900,3,2,1414
359000,4,2.5,1192
819900,3,2.5,2257
769900,3,2.5,2293
565000,4,3.5,1497
789900,3,3,2053
614900,3,2,1553
699900,4,3,1138
304900,1,1,833
624900,3,2.5,1308
665000,3,2.5,1730
1199888,6,4,2166
479900,2,2.5,1215
899000,4,3.5,2009
979900,4,4.5,2009
699900,3,2.5,1735
760000,4,3.5,1910
399900,3,2,841
549900,4,3.5,1162
3995000,3,3.5,4685
529900,5,2,1048
733000,2,3.5,2990
437500,3,2.5,1486
979000,5,4,2379
819900,3,2.5,2468
799900,4,3,2194
469900,2,2,790
829900,3,3,2247
669900,4,2,1200
899900,5,2,1236
519000,2,3,1331
399900,2,2,1535
935000,3,2.5,2473
339900,1,1,498
439900,2,2,913
995000,5,3.5,2818
658000,4,3.5,1768
549900,5,3.5,1155
259900,2,1,608
280000,1,1,467
549900,2,2,854
2195000,6,4.5,3380
1049900,2,2,1523
774900,5,3,2364
349000,2,2,972
1029000,4,3.5,2027
784900,3,2.5,2288
589000,3,2.5,1426
549900,3,2.5,1821
285000,2,1,724
370000,1,1,575
328000,1,1,531
289000,2,2,800
780000,3,2.5,2052
530000,2,2,773
2500000,3,2.5,2895
699000,3,3.5,1366
2588000,4,4.5,3231
599900,4,3.5,1311
759900,4,3.5,2240
959000,4,3.5,1877
1315000,4,3.5,2441
569900,4,2,1088
220000,2,1,828
145900,2,1,666
349900,2,1,805
589000,5,3,1076
210000,1,1,743
550000,3,2.5,1383
599999,4,3,1521
270000,3,1.5,1010
240000,2,2,1042
1095000,3,3.5,2522
249900,2,1.5,805
749900,4,2,1195
1325000,5,4.5,3828
1099000,4,3.5,2640
979000,4,3.5,1351
729000,3,3.5,2369
745000,3,2.5,2032
349900,2,2,828
395000,4,2,1986
1450000,5,2.5,4766
350000,2,2,971
178000,3,1,898
1985000,4,1.5,1500
809900,3,2.5,2398
349900,1,1,653
549900,4,1.5,1503
699999,3,1.5,1990
739900,5,2,1040
669900,5,3.5,1737
899900,4,3,2482
1300000,4,3.5,2656
1450000,3,2.5,2210
305000,2,1,731
879900,3,2.5,2203
685000,3,2.5,2274
799900,5,3,2121
141900,1,1,309
599900,4,2.5,1485
329000,1,1,857
275000,1,1,544
799900,4,3.5,1779
509000,4,2,1173
2000000,3,2,1649
479900,1,1.5,1038
624900,2,2,1654
600000,2,2,954
839900,4,3.5,1758
466400,2,2,989
422900,2,2,959
350000,2,1,936
929000,6,3.5,2479
1999000,4,4.5,3358
764900,5,3.5,2370
1299900,4,3.5,2372
1245000,2,1,930
249900,2,2,823
667500,3,2.5,945
1349000,4,3.5,2368
1499900,4,4,1678
1188888,4,2.5,1652
364900,2,2,782
599999,3,3,1329
529000,3,2.5,1412
759900,4,3.5,2304
345000,3,1,916
224500,1,1,841
429000,3,3.5,1087
410000,2,2,1230
580000,5,2.5,1331
975000,3,3.5,2667
283800,1,1,633
626400,2,2.5,1245
656400,2,2.5,1358
664400,3,2.5,1358
699000,5,3.5,1358
749500,2,1.5,1810
1250000,6,3.5,2985
1399900,6,3,2635
617900,3,2.5,1608
729900,4,3,2008
259000,2,1,815
1099900,3,2.5,1736
1300000,6,3.5,1977
755000,4,3.5,2038
999900,7,5,2752
2095000,5,5.5,3549
769900,3,2.5,2228
535000,6,2,1066
375000,5,1.5,1051
799000,4,3.5,1916
575000,4,3,1311
249990,1,1,583
1520000,4,3.5,1877
575000,3,2,1297
779900,4,3.5,2037
499500,2,2,822
750000,3,3.5,1312
999900,2,2.5,2344
979000,4,3.5,1813
699000,2,2,1868
199000,2,2,1001
625000,2,2,1100
965000,5,3,2062
578900,3,2.5,1347
748000,4,4.5,1783
314900,2,2,936
370000,2,1,1145
299999,1,1,424
2195000,7,5.5,1926
290000,2,2,916
3199900,5,4.5,4550
419000,6,2,934
990000,2,2,964
775000,3,3.5,2718
1098900,3,3,1408
1249000,5,3.5,2443
518000,2,2,1056
835000,5,3.5,2272
875000,3,1.5,2288
1144000,6,3.5,3055
549990,1,2.5,1170
365000,1,1,534
365000,1,1,630
539900,4,2,1173
459900,3,2.5,1394
1039000,4,3.5,1872
549900,2,2,748
1050000,4,3.5,1898
1050000,4,3.5,1897
889000,4,3.5,1682
889000,4,3.5,1687
259900,1,1,508
315000,2,1,561
199900,2,2,990
364900,2,2,764
765000,3,2.5,2035
480000,5,2,1014
559900,3,2,891
1588000,5,3.5,3476
789900,5,3.5,2010
799900,4,2.5,2694
2250000,4,2.5,1907
775000,5,3.5,1975
574999,4,3.5,1611
2489000,6,5.5,4280
1825000,6,4.5,3283
1050000,5,3.5,1497
400000,2,1.5,651
799900,5,3.5,2453
1475000,4,3.5,1888
649000,4,3.5,1562
660000,4,2.5,1542
479900,2,2,893
615000,4,3.5,1578
289000,1,1,588
995000,2,2.5,1945
550000,4,2,1052
784900,4,2.5,1209
1399999,5,3.5,1710
258000,1,1,690
325000,2,1.5,969
3375000,5,3.5,4695
1199998,5,3.5,1407
1174900,6,3.5,2817
1350000,2,2.5,2263
199900,1,1,658
435000,2,2,1168
699900,3,2.5,2046
1599000,4,2.5,1785
750000,2,1,1172
839000,4,2,1000
999900,3,2.5,1779
585000,4,2.5,1904
1099900,5,2.5,2286
1058000,3,3.5,2995
488000,2,2,914
859000,6,3.5,2625
195000,1,1,743
428800,2,2.5,1153
579000,2,2.5,1306
850000,4,3,1124
1380000,4,3.5,2900
799900,4,2.5,2345
768000,4,3.5,1856
312000,2,1,1086
565000,4,2,953
1299000,4,3.5,2762
1049000,3,2,1383
995000,2,2,1490
799888,4,2.5,2249
1549000,5,3.5,3345
619000,3,1,1362
888000,4,3.5,1804
999900,4,3.5,1901
1650000,3,3.5,1263
449000,2,1.5,1243
874900,3,2.5,2362
338999,2,2,842
2498900,4,3.5,3456
775000,4,3.5,1436
390000,3,2,864
659000,4,3.5,1634
699000,3,2,2361
339900,1,1,665
284900,1,1.5,975
2195000,5,4.5,3192
619900,4,2.5,1266
689000,4,3.5,1604
525000,2,2,886
515000,2,2,824
639200,2,2,902
629900,3,2.5,1630
265000,2,1,827
599000,5,2.5,1138
409900,2,2,926
329900,2,1.5,1056
369900,2,2.5,1137
789888,4,3.5,2234
699900,1,2,1217
824786,4,3.5,2079
769999,4,2,1091
749500,3,2.5,2292
997500,5,3.5,2570
975000,2,2,1709
997500,5,3.5,2570
299000,2,2,656
774900,5,3.5,2098
765000,6,4,2331
374900,1,1,540
1099000,6,3,1485
419900,2,2,769
584900,3,2.5,1465
395000,2,1,857
250000,2,1.5,896
1250000,4,3.5,2129
840000,4,3,1428
1095000,4,3,1335
769900,6,3.5,2172
559900,2,1,727
299900,1,1.5,1027
920000,3,3,2185
829900,4,3.5,2268
778000,3,2.5,2279
459000,2,1,980
288900,2,2,884
440000,2,2.5,1322
699000,6,3.5,2050
1299900,5,4.5,3281
1375000,4,3.5,2116
1299000,2,2.5,2013
534900,4,2.5,1044
679999,4,3,1617
3800000,6,4.5,5602
1295000,3,4.5,1912
798000,4,3.5,2228
1275000,3,4,2275
414900,2,2,1223
750000,5,3.5,2196
920000,4,3.5,2481
320000,1,1,533
1249000,2,2.5,2211
1287000,3,2.5,2021
1140000,3,4.5,1828
468000,2,2,1230
399900,2,2,919
204900,1,1,744
527860,2,2,1585
899900,4,3.5,2253
825000,3,2.5,1854
2488000,4,4.5,2992
1249900,4,3.5,2874
749900,5,3.5,2196
848888,3,2.5,1952
699900,5,2.5,1394
429900,2,2,968
385500,2,1.5,796
279900,2,2,825
489000,4,2,913
829900,4,3.5,1701
399900,1,1.5,944
290000,1,1,704
1059000,4,3.5,2241
464900,2,2.5,1156
959900,4,4.5,2233
459900,2,2,1276
579900,3,2.5,1435
870000,4,2.5,2539
599900,6,3,1280
649900,4,3.5,1999
1000000,4,3.5,2114
450000,2,2,1038
764888,3,2.5,2325
629888,2,2.5,1266
2100000,2,2.5,1639
3295000,6,6,4744
899900,5,4,2789
364900,2,2,792
349000,1,1,581
490000,3,3.5,1366
1219000,4,3,2364
1339000,5,3.5,3020
429000,3,2,1239
479900,3,1.5,1307
1065000,3,3.5,2837
324900,1,1,501
578000,3,2.5,1550
1195000,5,3,1300
830000,3,2.5,2578
1849900,5,3.5,3382
1799900,5,3.5,3042
864900,4,2.5,2305
329900,1,1,420
258800,1,1,460
569900,3,2.5,1518
555000,3,2.5,1422
1095000,4,3.5,2012
830000,3,2.5,1751
649900,3,2,989
199900,1,1,636
439999,3,2,965
889000,6,2.5,2449
599000,3,3,1456
849000,7,5,2494
619900,3,2.5,1485
488900,4,3.5,1365
365000,2,2,839
349900,2,1,857
179997,1,1,519
1190000,4,3.5,1776
1075000,4,3.5,2155
439000,3,2.5,1125
499900,2,2,750
393999,1,2,737
1100000,4,3,1787
1590000,7,4.5,2665
669990,3,2.5,1674
609900,2,2,833
429000,2,2,1089
1200000,4,4.5,2470
949000,4,2.5,2625
239900,1,1,802
998690,8,4,1645
1599900,4,4.5,3088
599900,4,3.5,1773
836990,4,2.5,2613
849990,4,2.5,2750
875000,3,2.5,2329
299000,2,2,898
750000,4,3.5,1738
839900,4,4,2434
489900,5,2,1007
226900,1,1,493
729900,2,2,1315
1098000,4,3.5,2000
729000,5,3.5,1804
399999,3,2.5,1491
627900,4,3,1785
680000,6,3.5,1446
489000,3,1.5,1229
739900,4,2.5,2208
749900,3,2.5,2510
374900,1,1,670
374900,1,1,766
679900,3,2.5,1496
799000,5,3.5,2693
338000,2,2,660
489900,3,1.5,1343
624000,5,2.5,2253
572900,5,3.5,1508
799000,3,2.5,2632
1175000,4,4,3066
295000,3,1.5,1143
1250000,4,2.5,2411
1248000,2,3.5,2375
256000,1,1,464
779900,7,5.5,2509
598500,4,3.5,1317
275000,2,2,988
3700000,8,7.5,8179
459900,4,1.5,1234
648800,4,3.5,1927
430000,3,1,1040
699000,3,2.5,1508
449500,3,1.5,1215
528000,2,2,987
1298800,4,3.5,2731
280000,1,1,496
256000,1,1,680
549000,3,2.5,1496
799900,5,3.5,2313
824900,4,3.5,1813
579999,2,2,1806
559900,3,2.5,1441
2400000,5,4.5,5424
1599999,5,4.5,2567
820000,5,4,2648
509900,3,1.5,1097
689999,3,3.5,1791
519000,5,2.5,933
1999999,4,5,2263
539900,2,2.5,1209
390000,2,2.5,1018
574900,5,2,960
269900,2,2,694
749900,3,2.5,1645
799900,4,3.5,1737
344999,2,2,731
809900,4,2.5,1917
339900,2,2,761
270000,2,1.5,963
589000,3,2.5,1136
390000,2,2,914
459000,3,3,1234
1299000,4,3.5,2278
1125000,6,3.5,2913
1825000,4,3.5,1759
999000,3,2.5,1938
1090000,4,3,1843
230000,1,1,781
929900,4,2.5,2863
365000,1,1,578
1199000,6,3.5,2612
289000,2,2,996
639000,4,3.5,1672
604990,2,2,1127
1399800,4,3.5,2606
769900,5,3.5,2223
599900,2,2.5,1562
599900,1,1.5,1427
399900,2,2.5,955
768800,3,2.5,2252
455000,3,2.5,1529
768000,4,2.5,1727
899900,4,3,1558
1298000,5,3.5,2765
869900,4,3,2295
1079900,4,4.5,1861
594500,3,2,990
335000,2,1,720
648000,2,2,1778
1199900,2,2.5,2569
765000,4,3.5,1900
875000,5,3,2794
319900,2,2,886
660000,3,2.5,1747
549900,3,2.5,1424
725000,3,3.5,1608
730000,6,3.5,1990
309900,1,1,532
219900,2,1,455
308500,1,1,532
619900,3,2,1106
248000,2,1.5,1088
799900,3,2.5,2047
2500000,5,4.5,3279
599900,3,2.5,1645
1398000,3,3,2231
712990,3,2.5,1879
2098000,4,4.5,2977
1689000,4,4.5,3453
599900,4,3.5,1717
279900,2,1,772
1275000,4,3.5,2207
339000,2,1,888
1149900,4,4.5,2271
1399900,6,3.5,3601
819000,3,2.5,2266
689900,4,3.5,2006
319998,1,1,627
255000,2,2,814
234900,1,1,537
549900,4,2.5,851
459888,3,3.5,1078
309900,2,2,707
1799900,4,5.5,3532
449888,4,2.5,1519
289000,3,2,1240
575000,2,2,1516
474900,2,1,864
899800,4,3.5,2267
949800,4,3.5,1802
1749900,4,3.5,2725
499900,2,2,865
549900,3,2.5,1371
699900,6,2.5,1605
1949900,5,3.5,4160
630000,2,1,659
779000,4,2,1303
2499900,2,2,1988
1499900,2,2,1369
1170000,4,3.5,2552
719900,5,3.5,2043
944000,4,3.5,2656
829900,5,4,2472
10000000,3,3.5,4715
888888,3,3,1175
559990,3,2.5,1707
1199999,4,3.5,2331
830000,4,3,1373
799999,5,3,2719
829900,6,3,1871
254000,1,1,701
255000,1,1,777
360000,1,1,597
300000,2,1,897
1074900,3,3.5,1933
1495000,4,4.5,2557
3388000,6,5.5,4074
779900,6,4,1862
1798000,3,3.5,2024
1350000,4,4.5,2258
605000,2,2,1106
849900,5,3,1590
730000,3,2.5,2245
720000,3,2.5,1435
624900,2,3.5,1788
349900,1,1,574
419000,3,1,825
519000,3,2.5,1550
439900,5,3,1186
699900,5,2.5,1986
250000,2,1,778
777999,6,3.5,2152
495000,3,2.5,1015
387500,2,2,945
1259900,4,3.5,2434
1150000,5,3.5,2936
525000,2,2,730
859000,3,2.5,2380
199000,1,1,622
2095000,6,6.5,4701
574900,4,1.5,1524
1099500,5,3.5,2846
704900,4,3.5,1748
729900,5,3.5,2027
1699900,3,3.5,1255
669000,3,2.5,1587
475000,2,2,835
269900,2,1.5,1056
608000,2,2,677
1394900,4,3.5,2005
1049900,4,4.5,1867
799900,4,2.5,2343
619900,3,2.5,1769
798000,2,1.5,1723
699990,4,3.5,1826
360000,2,2,980
398000,2,2,1081
1730000,2,2.5,2431
499000,4,3.5,1184
494000,2,2.5,1139
574900,4,2,1066
209900,1,1,598
1449900,6,4.5,3187
899900,5,4.5,1577
655000,3,2,1037
649000,2,1,834
759900,4,3.5,2521
699900,4,2,1118
1219000,5,3.5,2073
445000,3,1.5,1147
389900,2,2,1233
1280000,5,3.5,3099
629900,3,2.5,1741
524900,2,1.5,794
240000,2,1,489
684900,3,2.5,2051
749000,4,3.5,2220
889900,4,3.5,2472
264000,1,1,568
559900,3,2.5,1339
559900,3,2.5,1437
277900,1,1,816
449900,2,2,1031
869988,3,3.5,1677
650000,5,2.5,1152
564900,3,2,1529
679900,3,2.5,1765
649900,3,2.5,1619
619900,3,2.5,1598
731900,1,1.5,1163
849900,5,3,2398
649900,4,3,1787
729000,3,2,813
1280000,3,1.5,2301
579999,3,2.5,1814
1524000,4,4.5,2864
1950000,4,3.5,2824
289000,2,1,559
689900,3,2.5,1861
899900,4,3.5,1976
974900,4,3.5,1923
307900,1,1,811
530000,5,3,1255
2300000,3,3.5,2014
730000,5,3,1600
699900,6,2,1193
779000,3,2.5,2321
1150000,4,3.5,4257
424900,1,1,561
820000,3,2.5,2241
799900,3,2.5,1308
729999,4,3.5,1705
2090000,3,2.5,2907
575000,4,2.5,1624
1848000,4,3,2004
469888,5,2,915
1299000,4,3.5,2157
1775000,3,2.5,2474
309999,2,1,657
1099000,5,3.5,2391
699000,1,2,967
959900,4,3.5,1983
729000,5,3.5,2159
699900,3,2.5,1875
2750000,6,5.5,3679
529000,4,2.5,1526
289900,1,1,717
1849000,4,3.5,3068
1050000,4,2.5,2845
2500000,4,3.5,3744
2600000,5,5.5,3439
264900,2,1.5,1076
364900,1,1,732
469900,2,2.5,1438
3175000,5,4.5,3220
1599900,4,2,1252
479000,2,2,1385
599000,4,2.5,1312
1080000,2,2.5,1801
400000,4,1.5,1006
1295000,3,2.5,1779
1999900,5,3.5,3463
624900,1,1,1045
475000,2,1.5,1034
986500,5,3.5,2568
300000,1,1,725
839900,3,2.5,1785
314889,2,2,847
539900,2,2,871
340000,1,1,553
199889,1,1,491
800000,3,1.5,1243
870000,1,1.5,1290
1699000,4,4.5,3011
1350000,7,5,2715
1500000,2,2,1451
6250000,6,6.5,5813
255900,1,1,533
589900,3,2.5,1425
799900,3,1.5,883
1100000,4,3.5,2789
466900,1,1,662
929000,4,3,1810
1199888,4,3.5,2106
1199000,5,3.5,2571
849999,4,3.5,2582
948000,3,2,1388
444000,2,2,657
524900,2,2,1280
749000,3,3.5,2243
884900,5,2,1377
384900,3,1.5,1130
775000,3,2.5,2683
1149000,4,3.5,1835
2498880,5,2,1232
459900,3,3,1248
290000,2,2,768
455000,1,1,654
499000,3,1,1063
759000,4,2,1050
755000,5,3.5,2077
439900,2,2.5,1339
485000,3,2.5,1199
859900,4,3.5,1900
200000,1,1,654
999900,5,4,1723
2195000,4,3.5,3249
669999,3,3.5,1848
489000,3,2,1062
610000,5,3,1651
795000,4,3.5,1738
1995000,4,4.5,3268
369900,4,2,812
1250000,2,2.5,1625
2400000,5,2.5,2731
975000,5,3.5,2463
435000,2,2,1246
700000,5,2,1053
500000,2,1.5,1241
749900,4,3.5,2362
774000,3,2.5,2231
824900,4,3.5,2479
775000,2,2,856
586940,3,2.5,1480
1265000,8,6,3264
769900,7,3.5,2245
363000,2,2,1100
804990,3,2.5,2428
1695000,4,3.5,2954
194999,1,1,496
1595000,5,5.5,3802
335000,1,1,653
669000,2,2,912
799900,4,2,1762
433800,2,2,955
395000,2,2,884
778000,4,3.5,2098
419900,2,2,1187
515000,3,2,636
1149000,3,2,1452
869900,3,2.5,2505
2000000,3,1.5,2557
950000,4,2.5,1788
659800,3,2.5,1654
589900,3,2,1070
279400,1,1,504
749000,3,2.5,2263
314900,1,1,817
984000,5,3.5,2469
375000,2,2,797
775000,3,3,1539
1250000,5,3.5,1964
925000,4,3.5,1818
419900,2,2,1449
1835000,4,3,2300
549900,4,1,827
214999,1,1,420
2388000,5,3.5,2554
1150000,5,3.5,1656
649777,5,3.5,1923
1480000,3,2.5,1679
755000,5,3.5,2678
309900,1,1,625
1249900,4,3.5,2565
3000000,5,6,5059
399900,1,1,840
739000,3,2.5,2058
999999,4,2.5,2458
379900,2,2,1006
317500,1,1,693
934990,4,2.5,2674
535000,4,2,1474
1249900,4,2.5,2034
469000,2,2.5,1227
899000,7,4.5,2283
1999000,2,2.5,1878
259500,1,1,354
349900,1,1,432
929900,3,2,866
465000,2,2.5,1423
195888,1,1,603
1075000,5,3.5,2445
639900,2,2.5,1528
789900,4,3.5,1964
1474900,4,3.5,2166
269000,2,1,814
215000,1,1,715
520000,4,2.5,1240
349900,1,1,509
699900,4,2.5,1799
840000,3,2.5,2284
7995000,5,5.5,5434
699000,3,2.5,1985
799999,3,2.5,2542
399000,2,2.5,1247
254900,2,1,1007
550000,1,1,1057
2799900,4,3.5,3963
385000,2,2,1393
519900,2,2,874
1950000,5,4.5,3180
1450000,4,3.5,2368
785000,4,3.5,2056
675000,2,2,1912
449900,3,2,1065
1275000,4,3.5,1939
626400,3,2.5,1645
631400,3,2.5,1356
581400,3,2.5,1611
725000,3,2.5,2356
799900,3,3.5,1728
554900,2,2,1386
440254,2,2,879
742900,2,2.5,1164
853900,1,1.5,1404
2650000,3,3.5,2805
735900,1,1.5,1059
295354,1,1,570
624000,3,2.5,1619
740000,4,3.5,1713
1149000,4,3.5,2319
2199800,2,2.5,2639
950000,3,3.5,2055
174900,1,1,649
299900,1,1,707
549900,2,2,953
455000,3,2,860
739000,5,2.5,1109
799000,3,2.5,1935
722888,3,3,1445
799000,3,2.5,2326
595000,4,2,1019
1100000,4,2.5,1887
654900,3,2.5,1714
1179000,4,3.5,2008
499000,2,2.5,1101
304988,1,1,687
4998000,5,7.5,6143
485000,4,2,813
549900,5,2.5,1063
1999900,5,3.5,2963
690000,2,1.5,1404
749999,4,3.5,2426
659000,2,2,1127
654900,2,1,1260
389900,2,2,855
149000,1,1,475
430000,2,2,911
149000,1,1,471
149000,1,1,475
4490000,4,3.5,3132
1085000,2,2,1196
795000,2,2.5,1911
698000,4,3,1697
849900,4,4,2568
598000,3,2.5,1680
489000,5,3,974
1300000,4,3.5,2161
399900,2,2,801
1398000,2,2.5,2251
4000000,2,1,894
219900,2,1,833
579900,4,2,1312
495000,2,2,1046
2695000,4,2.5,3489
825000,3,3.5,1733
439000,3,2,917
899900,3,3.5,2562
1625000,3,3.5,2287
149000,1,1,475
949499,4,3.5,1817
2699000,3,3.5,2956
1550000,4,3.5,2847
9800000,3,3.5,7049
1360000,3,2.5,1600
425000,2,2,1065
3199000,4,3.5,3781
185000,1,1,494
739900,2,2,897
599000,4,4.5,1973
900001,4,2,1071
279900,1,1,839
1500000,4,3.5,2759
600000,4,2,919
1099000,4,3.5,1925
1045000,4,3.5,1920
1039000,4,3.5,1949
218800,2,1,749
365000,1,1,547
849900,4,3,2397
775000,3,2.5,1598
799999,4,3.5,2257
312499,1,1,456
1249000,4,3.5,2311
865000,6,3.5,2733
1025000,4,3.5,1851
449900,2,2,1294
489900,2,1.5,1151
477400,3,2.5,1222
447400,3,2.5,1257
1225000,4,4.5,2837
265000,1,1,506
774900,3,2.5,1842
950000,6,4,1709
2995000,5,4.5,4117
825000,3,3.5,1635
1050000,4,3.5,1854
849900,3,3.5,1776
2499999,6,4.5,3618
699900,4,3.5,1887
950000,2,2.5,1295
330000,1,1,490
6199999,3,4.5,4517
724500,1,1.5,960
1059000,4,3.5,2634
1079900,4,4.5,1838
1299000,5,3.5,2490
1745000,4,3.5,3837
1799000,8,8,2962
3290000,2,2.5,3210
1900000,2,2.5,2429
782300,2,2,1830
899900,5,3,1323
2829000,4,3.5,3396
1250000,4,3.5,2103
575000,3,3.5,1304
2730000,6,3.5,3582
799900,3,2.5,2312
1265000,4,4.5,2043
699999,4,3.5,1496
1079900,4,3.5,2353
1369900,4,3,1212
219900,1,1,568
829900,3,3.5,1659
498000,2,2,1173
514395,3,2.5,1294
699999,4,3.5,1496
2175000,3,2,2251
1149900,2,2.5,1340
379900,1,1,531
2999000,6,5.5,4776
769990,2,1.5,1776
699999,4,3.5,1525
979900,4,3,2729
350000,2,2,788
349888,2,1,633
828000,6,4,2606
149900,1,1,393
339000,2,1,767
2299000,6,7.5,4167
759952,3,2.5,1952
648000,3,3,1467
1949000,3,2.5,2513
1999999,3,2.5,2148
279900,1,1,421
1049000,4,3.5,1832
480000,3,2.5,2140
379900,2,2,801
699999,4,3.5,1497
1750000,5,5.5,2605
849900,4,2,1189
869900,3,2.5,2323
849900,3,2.5,2289
984000,3,2.5,2568
324888,3,2,1329
899000,3,2.5,2149
339800,1,1,731
622095,2,2.5,1221
3980000,4,6.5,6057
320000,2,1.5,996
1498000,4,2.5,2537
2700000,2,2,847
1595800,3,3.5,2819
360000,1,1,797
1949000,3,3.5,3041
289900,2,2,965
359900,1,1,588
1995000,4,3.5,3273
6500000,3,1.5,1185
1099000,4,3.5,1905
949900,4,2,1189
1195000,4,3.5,2281
1250000,4,3.5,2764
579900,2,2,1602
694900,3,2.5,1384
409000,2,2,912
1050000,4,3.5,3616
415000,2,2,829
1150000,4,3.5,2293
286289,1,1,490
296299,1,1,490
220000,1,1,586
837900,5,4,1708
455000,3,2.5,1351
339900,1,1,574
265000,1,1,413
749900,3,3.5,1947
1898999,2,2,1373
1650000,4,4.5,3156
1024900,4,2.5,2683
629900,6,4.5,2140
1994000,5,4.5,4425
849000,3,2.5,2293
1090000,3,3,1551
1282000,4,3.5,2125
673000,2,2.5,1992
1150000,2,2.5,1709
949900,5,3.5,1916
800000,1,1,802
1200000,1,1,1040
982800,3,2.5,2363
975450,3,2.5,2363
279900,1,1.5,751
679000,3,2,785
439900,2,2,1066
875000,5,3.5,2187
1310000,6,3.5,2947
979900,5,3,1472
1950000,4,4.5,3653
774900,3,3,2198
899000,4,3.5,1805
369900,2,2,786
1450000,4,4.5,2730
2599999,6,7.5,4454
289900,2,1,853
3499900,7,5.5,7539
1195000,4,4.5,2306
1195000,4,4.5,2297
1225000,4,3.5,1938
1227000,3,2.5,1714
1499999,6,4.5,2985
2299000,2,2,2007
1590000,6,4.5,3338
560000,1,2,1196
201999,1,1,767
702500,3,2.5,2096
499000,2,1,618
749900,1,1,689
554900,2,2,1385
763350,3,2.5,1746
3870000,3,3.5,4713
836000,3,2.5,2198
1350000,2,2.5,2157
234900,1,1,571
1250000,5,2,1435
439900,2,2.5,1551
850000,4,3.5,2052
759900,4,2.5,1680
799000,5,2,1552
825000,4,3.5,2524
420945,2,2,1009
898000,2,2.5,2522
234000,1,1,542
1339000,4,3.5,2571
1725000,7,4,2647
3500000,5,4.5,4589
3680800,4,3.5,3131
1589998,4,4.5,2757
1499900,4,4.5,2533
1150000,4,3.5,1972
1150000,4,2.5,1952
1540000,6,4.5,3631
7500000,5,5.5,5743
839900,3,2.5,2269
899900,3,2.5,2431
549900,2,2,782
1418900,2,2.5,2075
1139250,3,2.5,1187
3395000,4,4.5,4590
709000,4,2.5,2175
170000,2,1,724
1099500,4,3.5,1941
1400000,3,1.5,901
2385000,5,5.5,901
679900,2,2,1462
524900,2,1,1007
258000,1,1,400
319900,2,2,837
429900,3,2,1275
799000,3,2,869
8000000,5,4.5,9031
595000,3,2.5,1733
7988000,2,2.5,3544
795000,6,2,983
